T1,T2,T_amb,T_c,T_h,P_HEATER,P_PELTIER,Q_L,Q_Cond,Lambda,Delta_T,time_ms
8,10,5,6,2,5,7,30000000,-29999999,-471.23888233050576,-2,4000
7,10,8,3,4,8,6,50000000,-49999995,-785.398084857632,-3,5000
7,9,2,10,7,9,2,80000000,-79999992,-1256.6369357722112,-2,6000
2,6,5,7,2,1,4,30000000,-29999991,-471.2387566667996,-4,7000
2,7,2,6,3,5,8,40000000,-39999999,-628.3185150099954,-5,9000